strategy,n,success_count,success_rate,mean_attempt_catch_time_s,std_attempt_catch_time_s,mean_success_catch_time_s,std_success_catch_time_s,mean_success_terminal_error_m,std_success_terminal_error_m,mean_success_radial_error_m,std_success_radial_error_m,mean_success_max_abs_ddq,mean_success_max_velocity_ratio,mean_success_solve_time_s,mean_success_iter_count,mean_success_terminal_normal_alignment,min_success_tcp_table_clearance_m,min_success_frame_table_clearance_m,min_success_self_sphere_clearance_m,failure_count
earliest_nlp_feasible,20,19,0.95,1.3850000000000005,0.023283154063783805,1.3821052631578952,0.019882696935448623,0.0172869095818384,0.025039022804474124,0.009889533215271279,0.008170821017509364,1.9997567295122558,0.4956553025293455,0.043401978947115005,13.947368421052632,0.8191780100168119,0.6216080180212177,0.1148,0.16296712717504463,1
latest_nlp_feasible,20,19,0.95,1.4350000000000005,0.008885233166386394,1.4347368421052635,0.00904827856717729,0.0021683863652973883,0.00033584822891556194,0.0036002636575645035,0.001881231733147074,1.915811439655628,0.36854815815888387,0.0437138947370266,13.789473684210526,0.42801229666971913,0.44273610101674926,0.1148,0.13121171011338884,1
simple_geometric,20,0,0.0,1.2960000000000005,0.010462967275611948,,,,,,,,,,,,,,,20
smart_cost,20,19,0.95,1.4250000000000003,0.024170447375168515,1.4242105263157898,0.024566415528721842,0.0019930775449169876,0.0003954997406851216,0.0034217400636855928,0.0016063114684776443,1.9042087302622284,0.3599466785412219,0.044718868420444015,13.736842105263158,0.501344906564761,0.44273610101674926,0.1148,0.1577809222471312,1
