strategy,n,success_count,success_rate,mean_attempt_catch_time_s,std_attempt_catch_time_s,mean_success_catch_time_s,std_success_catch_time_s,mean_success_terminal_error_m,std_success_terminal_error_m,mean_success_radial_error_m,std_success_radial_error_m,mean_success_max_abs_ddq,mean_success_max_velocity_ratio,mean_success_solve_time_s,mean_success_iter_count,mean_success_terminal_normal_alignment,min_success_tcp_table_clearance_m,min_success_frame_table_clearance_m,min_success_self_sphere_clearance_m,failure_count
earliest_nlp_feasible,1,1,1.0,1.3800000000000003,0.0,1.3800000000000003,0.0,0.002510454218289834,0.0,0.002554867019434864,0.0,1.9991477711830976,0.33058256440462314,0.04161279999971157,13.0,0.8262913722896446,0.6216080180212177,0.1148,0.16345807718570465,0
latest_nlp_feasible,1,1,1.0,1.4400000000000004,0.0,1.4400000000000004,0.0,0.0018498655732028177,0.0,0.002003304729735933,0.0,1.5749123062162005,0.2403678403766089,0.03843840000627097,11.0,0.3618131143973165,0.4573561086004088,0.1148,0.15815551813252776,0
simple_geometric,1,0,0.0,1.3000000000000005,0.0,,,,,,,,,,,,,,,1
smart_cost,1,1,1.0,1.4400000000000004,0.0,1.4400000000000004,0.0,0.0018498655732028177,0.0,0.002003304729735933,0.0,1.5749123062162005,0.2403678403766089,0.03843840000627097,11.0,0.3618131143973165,0.4573561086004088,0.1148,0.15815551813252776,0
