strategy,n,success_count,success_rate,mean_attempt_catch_time_s,std_attempt_catch_time_s,mean_success_catch_time_s,std_success_catch_time_s,mean_success_terminal_error_m,std_success_terminal_error_m,mean_success_radial_error_m,std_success_radial_error_m,mean_success_max_abs_ddq,mean_success_max_velocity_ratio,mean_success_solve_time_s,mean_success_iter_count,mean_success_terminal_normal_alignment,min_success_tcp_table_clearance_m,min_success_frame_table_clearance_m,min_success_self_sphere_clearance_m,failure_count
earliest_nlp_feasible,20,19,0.95,1.3840000000000003,0.023929721664644694,1.3810526315789478,0.02051956704170301,0.02038930525001127,0.026564176149101972,0.011404834233319845,0.00923614429147312,1.9998163083737337,0.5051278207612331,0.043337784210100504,13.736842105263158,0.8238412212928438,0.6216080180212177,0.1148,0.16345807718570465,1
latest_nlp_feasible,20,19,0.95,1.4350000000000005,0.008885233166386394,1.4347368421052635,0.00904827856717729,0.0021674711235884045,0.00034481601055160566,0.003641249493224604,0.0019731252408164653,1.9129166787821186,0.3696983181106439,0.04179830000028137,13.68421052631579,0.42605044602373815,0.44312032154511066,0.1148,0.13016949455107785,1
simple_geometric,20,0,0.0,1.2960000000000005,0.010462967275611948,,,,,,,,,,,,,,,20
smart_cost,20,19,0.95,1.4250000000000003,0.024170447375168515,1.4242105263157898,0.024566415528721842,0.0019902846594235476,0.00039966333774089604,0.003423632232515926,0.0016155974678758833,1.900238436273489,0.3609550765453019,0.04144051578968126,13.578947368421053,0.4997640789312536,0.44312032154511066,0.1148,0.15754958878623604,1
