strategy,n,success_count,success_rate,mean_attempt_catch_time_s,std_attempt_catch_time_s,mean_success_catch_time_s,std_success_catch_time_s,mean_success_terminal_error_m,std_success_terminal_error_m,mean_success_radial_error_m,std_success_radial_error_m,mean_success_max_abs_ddq,mean_success_max_velocity_ratio,mean_success_solve_time_s,mean_success_iter_count,mean_success_terminal_normal_alignment,min_success_tcp_table_clearance_m,min_success_frame_table_clearance_m,min_success_self_sphere_clearance_m,failure_count
earliest_nlp_feasible,20,19,0.95,1.3860000000000003,0.021618705350983192,1.3831578947368426,0.017966831037883598,0.012589457913699495,0.01620820473626946,0.01365822129529898,0.00688594580654953,1.9996947431498004,0.48766289521572553,0.040431431578949024,13.736842105263158,0.8135170523974418,0.6216080180212177,0.1148,0.16297734361470706,1
latest_nlp_feasible,20,19,0.95,1.4330000000000003,0.009787209698591866,1.4326315789473687,0.00991189255566705,0.002241518985471571,0.0005335872160501995,0.012725462401951364,0.0071177411016996135,1.912925460925372,0.37254303357342466,0.040383821052656504,13.842105263157896,0.45567282704421663,0.44312032154511066,0.1148,0.14432458358571748,1
simple_geometric,20,0,0.0,1.2960000000000005,0.010462967275611948,,,,,,,,,,,,,,,20
smart_cost,20,19,0.95,1.4240000000000004,0.023929721664644774,1.4231578947368424,0.024279079146675382,0.002055209083595182,0.0005760222527783812,0.012391400521398198,0.007189754753519501,1.9002494221390764,0.3649310941806295,0.03984530000001254,13.578947368421053,0.5091765088893623,0.44312032154511066,0.1148,0.15754958878623604,1
uncertainty_guard_feasible,20,18,0.9,1.4200000000000004,0.023395906074624093,1.4177777777777782,0.023653268784314094,0.0019286459362220522,0.0003879302519219663,0.010687652724515892,0.005787921204501003,1.966302084325128,0.36136866799576545,0.04011971666665835,13.666666666666666,0.5610523449777797,0.44312032154511066,0.1148,0.16016529968837534,2
