{
  "success": true,
  "status": "Solve_Succeeded",
  "initial_tcp_distance_m": 1.2686877726744612,
  "terminal_tcp_distance_m": 0.5555474700861321,
  "distance_reduction_m": 0.7131403025883291,
  "terminal_error_m": 0.5555474700861321,
  "objective_value": 468.41503157485533,
  "q_has_nan": false,
  "dq_has_nan": false,
  "ddq_has_nan": false,
  "max_abs_ddq": 1.999998603625921,
  "max_abs_dq_ratio": 0.8253917510627274,
  "q_within_limits": true,
  "dq_within_limits": true,
  "ddq_within_limits": true,
  "first_ddq": [
    -0.4760586279362525,
    1.7205768658060536,
    -1.999998603625921,
    -0.480937088174028,
    0.7357761034624465,
    -0.08940086536984723
  ],
  "safety": {
    "min_tcp_top_z": 0.4909259061618059,
    "ring_top_faces_ground": false,
    "min_tcp_table_clearance_m": 0.6216080180212177,
    "min_frame_table_clearance_m": 0.1148,
    "min_self_sphere_clearance_m": -0.036940195020354644,
    "table_height_m": 0.0125,
    "self_sphere_radius_m": 0.1
  }
}