strategy,n,success_count,success_rate,mean_attempt_catch_time_s,std_attempt_catch_time_s,mean_success_catch_time_s,std_success_catch_time_s,mean_success_terminal_error_m,std_success_terminal_error_m,mean_success_radial_error_m,std_success_radial_error_m,mean_success_max_abs_ddq,mean_success_max_velocity_ratio,mean_success_solve_time_s,mean_success_iter_count,mean_success_terminal_normal_alignment,min_success_tcp_table_clearance_m,min_success_frame_table_clearance_m,min_success_self_sphere_clearance_m,failure_count
earliest_nlp_feasible,20,19,0.95,1.3840000000000003,0.023929721664644694,1.3810526315789478,0.02051956704170301,0.020348111766835424,0.026646575276697487,0.011386870756844017,0.009256413782798685,1.9998241798985739,0.5060261884559126,0.041939294736948796,13.789473684210526,0.8239993032668599,0.6216080180212177,0.1148,0.16345807718570465,1
latest_nlp_feasible,20,19,0.95,1.4350000000000005,0.008885233166386394,1.4347368421052635,0.00904827856717729,0.002169682415967902,0.0003466984143156022,0.003651286419103862,0.0019749289655090815,1.91493768127949,0.3696034283299815,0.0410241631585737,13.736842105263158,0.4262602952676249,0.44157599123991975,0.1148,0.13028997612328075,1
simple_geometric,20,0,0.0,1.2960000000000005,0.010462967275611948,,,,,,,,,,,,,,,20
smart_cost,20,19,0.95,1.4250000000000003,0.024170447375168515,1.4242105263157898,0.024566415528721842,0.0019921399606421357,0.0004012771510009297,0.003436424099359039,0.0016242417008728036,1.9030602569276462,0.36095740740996135,0.04163852105212802,13.68421052631579,0.49994617899813404,0.44157599123991975,0.1148,0.1576380539827179,1
