strategy,n,success_count,success_rate,mean_attempt_catch_time_s,std_attempt_catch_time_s,mean_success_catch_time_s,std_success_catch_time_s,mean_success_terminal_error_m,std_success_terminal_error_m,mean_success_radial_error_m,std_success_radial_error_m,mean_success_max_abs_ddq,mean_success_max_velocity_ratio,mean_success_solve_time_s,mean_success_iter_count,mean_success_terminal_normal_alignment,min_success_tcp_table_clearance_m,min_success_frame_table_clearance_m,min_success_self_sphere_clearance_m,failure_count
earliest_nlp_feasible,20,19,0.95,1.3850000000000005,0.023283154063783805,1.3821052631578952,0.019882696935448623,0.017526028560860954,0.02545944168130698,0.013673382809040124,0.007902354638306325,1.9997316412748856,0.4954924165988124,0.041326573684189405,13.789473684210526,0.8183110640338317,0.6216080180212177,0.1148,0.1629725115202716,1
latest_nlp_feasible,20,19,0.95,1.4340000000000004,0.009403246919632553,1.4336842105263161,0.009551338658818393,0.0022414283619581372,0.000547211578325175,0.01106970450144183,0.006176087391521976,1.9149481394987824,0.3737057263309305,0.04013597894736689,13.736842105263158,0.4356149082036096,0.44157599123991975,0.1148,0.13028997612328075,1
simple_geometric,20,0,0.0,1.2960000000000005,0.010462967275611948,,,,,,,,,,,,,,,20
smart_cost,20,19,0.95,1.4240000000000004,0.023929721664644774,1.4231578947368424,0.024279079146675382,0.002063885906632371,0.0006059334151832875,0.01043021232754453,0.00590664983731399,1.9030707151469386,0.3650597054109104,0.039834431578966406,13.68421052631579,0.5093007919341188,0.44157599123991975,0.1148,0.1576380539827179,1
uncertainty_guard_feasible,20,18,0.9,1.4200000000000004,0.023395906074624093,1.4177777777777782,0.023653268784314094,0.001930661915049937,0.00038319194946755515,0.009171723913685656,0.004817149689894824,1.9689710167921008,0.36118331617171406,0.039794316666681574,13.777777777777779,0.5611777254018274,0.44157599123991975,0.1148,0.1602600624295653,2
