{
  "success": true,
  "status": "Solve_Succeeded",
  "initial_tcp_distance_m": 0.610687719835403,
  "terminal_tcp_distance_m": 0.0020581193915065288,
  "distance_reduction_m": 0.6086296004438965,
  "terminal_error_m": 0.0020581193915065288,
  "objective_value": 1.0071906595566809,
  "q_has_nan": false,
  "dq_has_nan": false,
  "ddq_has_nan": false,
  "max_abs_ddq": 1.715675919753042,
  "max_abs_dq_ratio": 0.39822129020834274,
  "q_within_limits": true,
  "dq_within_limits": true,
  "ddq_within_limits": true,
  "first_ddq": [
    -0.3862547473477202,
    1.2168530635692025,
    -1.715675919753042,
    -0.11415400814618487,
    0.06456904293353437,
    -0.08702438124817162
  ],
  "safety": {
    "min_tcp_top_z": 0.9070005745506993,
    "ring_top_faces_ground": false,
    "min_tcp_table_clearance_m": 0.6216080180212177,
    "min_frame_table_clearance_m": 0.1148,
    "min_self_sphere_clearance_m": -0.036940195020354644,
    "table_height_m": 0.0125,
    "self_sphere_radius_m": 0.1
  }
}