{
  "success": true,
  "status": "Solve_Succeeded",
  "initial_tcp_distance_m": 0.7313091384204,
  "terminal_tcp_distance_m": 0.020121395402083284,
  "distance_reduction_m": 0.7111877430183168,
  "terminal_error_m": 0.020121395402083284,
  "objective_value": 3.403740578160543,
  "q_has_nan": false,
  "dq_has_nan": false,
  "ddq_has_nan": false,
  "max_abs_ddq": 1.999608213169665,
  "max_abs_dq_ratio": 0.6398067138159438,
  "q_within_limits": true,
  "dq_within_limits": true,
  "ddq_within_limits": true,
  "first_ddq": [
    -0.39176150612554345,
    1.6996680412902223,
    -1.999608213169665,
    -0.12777292616832073,
    0.1866559281568688,
    -0.16496419709734356
  ],
  "safety": {
    "min_tcp_top_z": 0.7324749021175814,
    "ring_top_faces_ground": false,
    "min_tcp_table_clearance_m": 0.6216080180212177,
    "min_frame_table_clearance_m": 0.1148,
    "min_self_sphere_clearance_m": -0.036940195020354644,
    "table_height_m": 0.0125,
    "self_sphere_radius_m": 0.1
  }
}