strategy,n,success_count,success_rate,mean_attempt_catch_time_s,std_attempt_catch_time_s,mean_success_catch_time_s,std_success_catch_time_s,mean_success_terminal_error_m,std_success_terminal_error_m,mean_success_radial_error_m,std_success_radial_error_m,mean_success_max_abs_ddq,mean_success_max_velocity_ratio,mean_success_solve_time_s,mean_success_iter_count,mean_success_terminal_normal_alignment,min_success_tcp_table_clearance_m,min_success_frame_table_clearance_m,min_success_self_sphere_clearance_m,failure_count
earliest_nlp_feasible,20,19,0.95,1.3830000000000005,0.02451637476420493,1.3800000000000003,0.02108185106778912,0.023771503918626646,0.027724999787934593,0.012838508026812594,0.009696100769005291,1.9998535495547436,0.5136306594269789,0.04248578421040867,13.736842105263158,0.8302635085652037,0.6216080180212177,0.1148,0.16345807718570465,1
latest_nlp_feasible,20,19,0.95,1.4350000000000005,0.008885233166386394,1.4347368421052635,0.00904827856717729,0.0021635661228155407,0.00034529748527627543,0.003585183135175749,0.0019029165517449437,1.9057659161172393,0.36895207767262284,0.041967505262858286,13.736842105263158,0.4264512151329317,0.44573362984212367,0.1148,0.1298844412942151,1
simple_geometric,20,0,0.0,1.2960000000000005,0.010462967275611948,,,,,,,,,,,,,,,20
smart_cost,20,19,0.95,1.4250000000000003,0.024170447375168515,1.4242105263157898,0.024566415528721842,0.0019866210144029867,0.0003972872322347331,0.003383902831547673,0.0015783450487232066,1.8917158291338005,0.36007373660511177,0.04213932631529659,13.578947368421053,0.49999985013211434,0.44573362984212367,0.1148,0.15737219519241197,1
