strategy,n,success_count,success_rate,mean_attempt_catch_time_s,std_attempt_catch_time_s,mean_success_catch_time_s,std_success_catch_time_s,mean_success_terminal_error_m,std_success_terminal_error_m,mean_success_radial_error_m,std_success_radial_error_m,mean_success_max_abs_ddq,mean_success_max_velocity_ratio,mean_success_solve_time_s,mean_success_iter_count,mean_success_terminal_normal_alignment,min_success_tcp_table_clearance_m,min_success_frame_table_clearance_m,min_success_self_sphere_clearance_m,failure_count
earliest_nlp_feasible,20,19,0.95,1.3900000000000003,0.018918106058538324,1.387368421052632,0.015217718205053611,0.012090302437578344,0.008782279598508054,0.016142902455700176,0.007837799553095276,1.9999310152873697,0.4865988536785814,0.039605742105227125,13.68421052631579,0.7519249965674994,0.6216080180212177,0.1148,0.15177089730097826,1
latest_nlp_feasible,20,19,0.95,1.4350000000000005,0.008885233166386394,1.4347368421052635,0.00904827856717729,0.0016253224349499005,0.000742952858057526,0.011592564951553488,0.007056990605620243,1.6349174167279548,0.33848531997212716,0.03390146842112747,10.31578947368421,0.9884846056160227,0.44385473922234414,0.1148,0.1291667870203682,1
simple_geometric,20,0,0.0,1.2960000000000005,0.010462967275611948,,,,,,,,,,,,,,,20
smart_cost,20,19,0.95,1.4340000000000004,0.009403246919632553,1.4336842105263161,0.009551338658818393,0.001579836334566725,0.0006944098798258882,0.011605897094503534,0.007069080597837679,1.6349122931645663,0.3361871712346415,0.03381714736848919,10.31578947368421,0.987770750422421,0.44385473922234414,0.1148,0.13921882153232856,1
uncertainty_guard_feasible,20,19,0.95,1.3900000000000003,0.018918106058538324,1.387368421052632,0.015217718205053611,0.012090302437578344,0.008782279598508054,0.016142902455700176,0.007837799553095276,1.9999310152873697,0.4865988536785814,0.039605742105227125,13.68421052631579,0.7519249965674994,0.6216080180212177,0.1148,0.15177089730097826,1
