{
  "method": "Actual downstream Task 4 benchmark under changed measurement noise.",
  "strategy": "earliest_nlp_feasible",
  "seeds": [
    0,
    1,
    2,
    3,
    4,
    5,
    6,
    7,
    8,
    9,
    10,
    11,
    12,
    13,
    14,
    15,
    16,
    17,
    18,
    19
  ],
  "rows": [
    {
      "noise_mm": 1.0,
      "success_rate": 0.95,
      "success_count": 19,
      "n": 20,
      "mean_success_catch_time_s": 1.3821052631578952,
      "mean_success_radial_error_m": 0.013023873630778475
    },
    {
      "noise_mm": 3.0,
      "success_rate": 0.95,
      "success_count": 19,
      "n": 20,
      "mean_success_catch_time_s": 1.3821052631578952,
      "mean_success_radial_error_m": 0.013673382809040124
    },
    {
      "noise_mm": 5.0,
      "success_rate": 0.95,
      "success_count": 19,
      "n": 20,
      "mean_success_catch_time_s": 1.3831578947368426,
      "mean_success_radial_error_m": 0.01365822129529898
    },
    {
      "noise_mm": 10.0,
      "success_rate": 0.9,
      "success_count": 18,
      "n": 20,
      "mean_success_catch_time_s": 1.3811111111111116,
      "mean_success_radial_error_m": 0.01602673996173017
    }
  ]
}