{
  "method": "Actual downstream Task 4 benchmark under changed measurement noise.",
  "strategy": "earliest_nlp_feasible",
  "seeds": [
    0,
    1,
    2,
    3,
    4,
    5,
    6,
    7,
    8,
    9,
    10,
    11,
    12,
    13,
    14,
    15,
    16,
    17,
    18,
    19
  ],
  "rows": [
    {
      "noise_mm": 1.0,
      "success_rate": 0.95,
      "success_count": 19,
      "n": 20,
      "mean_success_catch_time_s": 1.3863157894736846,
      "mean_success_radial_error_m": 0.01124257548580452
    },
    {
      "noise_mm": 3.0,
      "success_rate": 0.95,
      "success_count": 19,
      "n": 20,
      "mean_success_catch_time_s": 1.3863157894736846,
      "mean_success_radial_error_m": 0.011945133029229667
    },
    {
      "noise_mm": 5.0,
      "success_rate": 0.95,
      "success_count": 19,
      "n": 20,
      "mean_success_catch_time_s": 1.387368421052632,
      "mean_success_radial_error_m": 0.012634571918229504
    },
    {
      "noise_mm": 10.0,
      "success_rate": 0.95,
      "success_count": 19,
      "n": 20,
      "mean_success_catch_time_s": 1.387368421052632,
      "mean_success_radial_error_m": 0.016142902455700176
    }
  ]
}