strategy,n,success_count,success_rate,mean_attempt_catch_time_s,std_attempt_catch_time_s,mean_success_catch_time_s,std_success_catch_time_s,mean_success_terminal_error_m,std_success_terminal_error_m,mean_success_radial_error_m,std_success_radial_error_m,mean_success_max_abs_ddq,mean_success_max_velocity_ratio,mean_success_solve_time_s,mean_success_iter_count,mean_success_terminal_normal_alignment,min_success_tcp_table_clearance_m,min_success_frame_table_clearance_m,min_success_self_sphere_clearance_m,failure_count
earliest_nlp_feasible,50,49,0.98,1.3876000000000004,0.019749451038611903,1.3865306122448984,0.018433554143662722,0.013181126950113422,0.006932451447591626,0.011235287217899393,0.00684921687260142,1.9999478157024897,0.49687789370566027,0.04001256938776425,13.489795918367347,0.728474736244678,0.6099792534889711,0.1148,0.15948953683968092,1
latest_nlp_feasible,50,49,0.98,1.4336000000000004,0.009424241429983233,1.4334693877551024,0.009476070829586866,0.0018726268573067734,0.0016023990066054304,0.005748810997633285,0.0028444788164208403,1.6543073038570417,0.34313761120373243,0.035174199999949696,10.448979591836734,0.9869261962999677,0.44088235646499724,0.1148,0.13042307104572487,1
simple_geometric,50,0,0.0,1.2952000000000006,0.011821806208901268,,,,,,,,,,,,,,,50
smart_cost,50,49,0.98,1.4332000000000005,0.009570362413968138,1.4330612244897962,0.009618576131773415,0.0018562286198555952,0.0015982173723969803,0.005759340009552145,0.0028461127814508875,1.6543052620836778,0.34224083296958346,0.035160073469342024,10.448979591836734,0.9866373754800415,0.44088235646499724,0.1148,0.14013147863512299,1
uncertainty_guard_feasible,50,49,0.98,1.3876000000000004,0.019749451038611903,1.3865306122448984,0.018433554143662722,0.013181126950113422,0.006932451447591626,0.011235287217899393,0.00684921687260142,1.9999478157024897,0.49687789370566027,0.04001256938776425,13.489795918367347,0.728474736244678,0.6099792534889711,0.1148,0.15948953683968092,1
