strategy,n,success_count,success_rate,mean_attempt_catch_time_s,std_attempt_catch_time_s,mean_success_catch_time_s,std_success_catch_time_s,mean_success_terminal_error_m,std_success_terminal_error_m,mean_success_radial_error_m,std_success_radial_error_m,mean_success_max_abs_ddq,mean_success_max_velocity_ratio,min_success_tcp_table_clearance_m,min_success_frame_table_clearance_m,min_success_self_sphere_clearance_m,failure_count
earliest_nlp_feasible,50,48,0.96,1.3848000000000005,0.02476336992002332,1.3825000000000005,0.022455630010065036,0.018518765653620962,0.02345797278102522,0.01037865567912484,0.006916962040959683,1.9999072713170978,0.4944313840152778,0.4510482044514936,0.1148,0.1629744016514083,2
simple_geometric,50,0,0.0,1.2952000000000006,0.011821806208901268,,,,,,,,,,,,50
smart_cost,50,48,0.96,1.4296000000000004,0.013546593818433953,1.4291666666666671,0.01365740907694559,0.0013565971470820258,0.0009432767308307111,0.006130992281300093,0.005296828515688853,1.502486137323981,0.3207206682446559,0.44134433378893706,0.1148,0.14867240520583447,2
