strategy,n,success_count,success_rate,mean_attempt_catch_time_s,std_attempt_catch_time_s,mean_success_catch_time_s,std_success_catch_time_s,mean_success_terminal_error_m,std_success_terminal_error_m,mean_success_radial_error_m,std_success_radial_error_m,mean_success_max_abs_ddq,mean_success_max_velocity_ratio,mean_success_solve_time_s,mean_success_iter_count,mean_success_terminal_normal_alignment,min_success_tcp_table_clearance_m,min_success_frame_table_clearance_m,min_success_self_sphere_clearance_m,failure_count
earliest_nlp_feasible,50,48,0.96,1.3836000000000004,0.024806187509883646,1.3812500000000003,0.022372570591990857,0.020393605370019424,0.028344543562303384,0.012748139448311584,0.008359854777316832,1.9998229656337418,0.5025348430854086,0.0404476749999958,13.895833333333334,0.8196125400312921,0.61342557752021,0.1148,0.16204489149952966,2
latest_nlp_feasible,50,48,0.96,1.4336000000000004,0.009424241429983233,1.4333333333333338,0.009527861346806627,0.002241507488085631,0.0006554408619314519,0.010086810646835715,0.0062124496960240866,1.9470972506713602,0.3741236958079591,0.04077359791666405,13.833333333333334,0.4515387168432848,0.44273610101674926,0.1148,0.13121171011338884,2
simple_geometric,50,0,0.0,1.2952000000000006,0.011821806208901268,,,,,,,,,,,,,,,50
smart_cost,50,48,0.96,1.4216000000000004,0.025503901262195906,1.4208333333333336,0.025751127497177433,0.0020154632595443937,0.0007571019871518057,0.009601167672862735,0.00635417976693153,1.9274886135744758,0.36434643095965924,0.04026131041665337,13.75,0.5264528940184279,0.44273610101674926,0.1148,0.1549088668033634,2
uncertainty_guard_feasible,50,48,0.96,1.3836000000000004,0.024806187509883646,1.3812500000000003,0.022372570591990857,0.020393605370019424,0.028344543562303384,0.012748139448311584,0.008359854777316832,1.9998229656337418,0.5025348430854086,0.0404476749999958,13.895833333333334,0.8196125400312921,0.61342557752021,0.1148,0.16204489149952966,2
