strategy,n,success_count,success_rate,mean_attempt_catch_time_s,std_attempt_catch_time_s,mean_success_catch_time_s,std_success_catch_time_s,mean_success_terminal_error_m,std_success_terminal_error_m,mean_success_radial_error_m,std_success_radial_error_m,mean_success_max_abs_ddq,mean_success_max_velocity_ratio,mean_success_solve_time_s,mean_success_iter_count,mean_success_terminal_normal_alignment,min_success_tcp_table_clearance_m,min_success_frame_table_clearance_m,min_success_self_sphere_clearance_m,failure_count
earliest_nlp_feasible,50,48,0.96,1.3848000000000005,0.02476336992002332,1.3825000000000005,0.022455630010065036,0.016457633968664877,0.02381161737265754,0.009206055930173337,0.007160029835206027,1.9997995827252417,0.4956103060375682,0.039653745833068875,13.958333333333334,0.8128366645271022,0.45265719735775595,0.1148,0.16204487096930714,2
simple_geometric,50,0,0.0,1.2952000000000006,0.011821806208901268,,,,,,,,,,,,,,,50
smart_cost,50,48,0.96,1.4216000000000004,0.025503901262195906,1.4208333333333336,0.025751127497177433,0.002015465177729118,0.0007571022781237382,0.0036234721586399046,0.002428572411658564,1.9274949174608595,0.3643466926227361,0.03860638749968833,13.729166666666666,0.5264533944934308,0.442736104987921,0.1148,0.1549088282003439,2
