{
  "success": true,
  "status": "Solve_Succeeded",
  "initial_tcp_distance_m": 0.7313091384204,
  "terminal_tcp_distance_m": 0.020121493398955904,
  "distance_reduction_m": 0.7111876450214442,
  "terminal_error_m": 0.020121493398955904,
  "objective_value": 3.403740404061483,
  "solve_time_s": 0.0709086999995634,
  "iter_count": 15,
  "terminal_normal_alignment": null,
  "min_tcp_top_z": 0.7324768717477507,
  "q_has_nan": false,
  "dq_has_nan": false,
  "ddq_has_nan": false,
  "max_abs_ddq": 1.99960826912926,
  "max_abs_dq_ratio": 0.6398088165254181,
  "q_within_limits": true,
  "dq_within_limits": true,
  "ddq_within_limits": true,
  "first_ddq": [
    -0.391761556540638,
    1.6996994862489179,
    -1.99960826912926,
    -0.1277347804473536,
    0.1866537240083925,
    -0.16496468659655136
  ],
  "safety": {
    "min_tcp_top_z": 0.7324768717477507,
    "ring_top_faces_ground": false,
    "min_tcp_table_clearance_m": 0.6216080180212177,
    "min_frame_table_clearance_m": 0.1148,
    "min_self_sphere_clearance_m": 0.16345807718570465,
    "table_height_m": 0.0125,
    "self_sphere_radius_m": 0.1
  }
}